,ds,trend,yhat_lower,yhat_upper,trend_lower,trend_upper,additive_terms,additive_terms_lower,additive_terms_upper,holidays,holidays_lower,holidays_upper,school_holiday,school_holiday_lower,school_holiday_upper,state_holiday,state_holiday_lower,state_holiday_upper,weekly,weekly_lower,weekly_upper,yearly,yearly_lower,yearly_upper,multiplicative_terms,multiplicative_terms_lower,multiplicative_terms_upper,yhat
784,2015-08-01,5780.431379710559,4109.02465572012,6103.968129837362,5780.431379710559,5780.431379710559,-709.5779624199602,-709.5779624199602,-709.5779624199602,0.0,0.0,0.0,0.0,0.0,0.0,0.0,0.0,0.0,-639.8329288273542,-639.8329288273542,-639.8329288273542,-69.74503359260599,-69.74503359260599,-69.74503359260599,0.0,0.0,0.0,5070.853417290598
785,2015-08-02,5781.202721808368,4572.641521602018,6682.511192750566,5781.202721808368,5781.202721808368,-212.7636863438786,-212.7636863438786,-212.7636863438786,0.0,0.0,0.0,0.0,0.0,0.0,0.0,0.0,0.0,-122.41741473451377,-122.41741473451377,-122.41741473451377,-90.3462716093648,-90.3462716093648,-90.3462716093648,0.0,0.0,0.0,5568.439035464489
786,2015-08-03,5781.9740639061765,5625.078449634509,7745.070641079225,5781.9740639061765,5781.9740639061765,878.1530902556003,878.1530902556003,878.1530902556003,0.0,0.0,0.0,0.0,0.0,0.0,0.0,0.0,0.0,990.5741225744031,990.5741225744031,990.5741225744031,-112.42103231880289,-112.42103231880289,-112.42103231880289,0.0,0.0,0.0,6660.127154161777
787,2015-08-04,5782.7454060039845,4807.517053907324,6818.631119519635,5782.7454060039845,5782.7454060039845,61.07608087076679,61.07608087076679,61.07608087076679,0.0,0.0,0.0,0.0,0.0,0.0,0.0,0.0,0.0,196.69737466689782,196.69737466689782,196.69737466689782,-135.62129379613103,-135.62129379613103,-135.62129379613103,0.0,0.0,0.0,5843.821486874751
788,2015-08-05,5783.516748101793,4271.912269721499,6365.757261712992,5783.516748101793,5783.516748101793,-390.76953122599133,-390.76953122599133,-390.76953122599133,0.0,0.0,0.0,0.0,0.0,0.0,0.0,0.0,0.0,-231.15786100495873,-231.15786100495873,-231.15786100495873,-159.61167022103265,-159.61167022103265,-159.61167022103265,0.0,0.0,0.0,5392.747216875802
789,2015-08-06,5784.288090199603,4305.917936221425,6346.951888353893,5784.288090199603,5784.288090199603,-405.80344951118593,-405.80344951118593,-405.80344951118593,0.0,0.0,0.0,0.0,0.0,0.0,0.0,0.0,0.0,-221.72558111581782,-221.72558111581782,-221.72558111581782,-184.07786839536806,-184.07786839536806,-184.07786839536806,0.0,0.0,0.0,5378.484640688417
790,2015-08-07,5785.059432297412,4572.13544415912,6648.8327760739085,5785.059432297412,5785.059432297412,-180.87150569136332,-180.87150569136332,-180.87150569136332,0.0,0.0,0.0,0.0,0.0,0.0,0.0,0.0,0.0,27.86228844275595,27.86228844275595,27.86228844275595,-208.73379413411925,-208.73379413411925,-208.73379413411925,0.0,0.0,0.0,5604.187926606049
791,2015-08-08,5785.830774395221,3860.5915841132114,5935.601678467056,5785.830774395221,5785.830774395221,-873.1600440669018,-873.1600440669018,-873.1600440669018,0.0,0.0,0.0,0.0,0.0,0.0,0.0,0.0,0.0,-639.8329288272165,-639.8329288272165,-639.8329288272165,-233.32711523968536,-233.32711523968536,-233.32711523968536,0.0,0.0,0.0,4912.670730328319
792,2015-08-09,5786.602116493029,4311.936446739285,6534.954238061571,5786.602115982926,5786.602116493029,-380.06055853072274,-380.06055853072274,-380.06055853072274,0.0,0.0,0.0,0.0,0.0,0.0,0.0,0.0,0.0,-122.4174147339358,-122.4174147339358,-122.4174147339358,-257.64314379678694,-257.64314379678694,-257.64314379678694,0.0,0.0,0.0,5406.541557962306
793,2015-08-10,5787.373458590838,5426.189752643098,7539.872061900391,5787.373456217123,5787.373459348625,709.0671622083129,709.0671622083129,709.0671622083129,0.0,0.0,0.0,0.0,0.0,0.0,0.0,0.0,0.0,990.5741225742079,990.5741225742079,990.5741225742079,-281.50696036589494,-281.50696036589494,-281.50696036589494,0.0,0.0,0.0,6496.440620799151
794,2015-08-11,5788.144800688647,4716.787989203078,6817.753764779148,5788.144797227251,5788.144803697799,-108.08638971435992,-108.08638971435992,-108.08638971435992,0.0,0.0,0.0,0.0,0.0,0.0,0.0,0.0,0.0,196.6973746685742,196.6973746685742,196.6973746685742,-304.7837643829341,-304.7837643829341,-304.7837643829341,0.0,0.0,0.0,5680.058410974287
795,2015-08-12,5788.916142786455,4270.500341543215,6242.474643950085,5788.916137954836,5788.916147683625,-558.5353577420814,-558.5353577420814,-558.5353577420814,0.0,0.0,0.0,0.0,0.0,0.0,0.0,0.0,0.0,-231.15786100525375,-231.15786100525375,-231.15786100525375,-327.37749673682754,-327.37749673682754,-327.37749673682754,0.0,0.0,0.0,5230.380785044374
796,2015-08-13,5789.6874848842635,4176.335670688844,6210.658003200793,5789.687477560877,5789.687492327706,-570.9534212472932,-570.9534212472932,-570.9534212472932,0.0,0.0,0.0,0.0,0.0,0.0,0.0,0.0,0.0,-221.72558111695014,-221.72558111695014,-221.72558111695014,-349.2278401303431,-349.2278401303431,-349.2278401303431,0.0,0.0,0.0,5218.73406363697
797,2015-08-14,5790.458826982073,4441.390572477086,6542.4592706640315,5790.458816736468,5790.458836348714,-342.44347010382893,-342.44347010382893,-342.44347010382893,0.0,0.0,0.0,0.0,0.0,0.0,0.0,0.0,0.0,27.862288441078075,27.862288441078075,27.862288441078075,-370.30575854490706,-370.30575854490706,-370.30575854490706,0.0,0.0,0.0,5448.015356878244
798,2015-08-15,5791.230169079882,3704.286655523048,5798.293578961327,5791.230156720504,5791.2301816312865,-1030.4407159862435,-1030.4407159862435,-1030.4407159862435,0.0,0.0,0.0,0.0,0.0,0.0,0.0,0.0,0.0,-639.8329288270787,-639.8329288270787,-639.8329288270787,-390.60778715916496,-390.60778715916496,-390.60778715916496,0.0,0.0,0.0,4760.789453093639
799,2015-08-16,5792.001511177691,4209.877136402536,6236.853100032278,5792.001495827817,5792.001526879057,-532.5667415658496,-532.5667415658496,-532.5667415658496,0.0,0.0,0.0,0.0,0.0,0.0,0.0,0.0,0.0,-122.41741473568732,-122.41741473568732,-122.41741473568732,-410.1493268301623,-410.1493268301623,-410.1493268301623,0.0,0.0,0.0,5259.434769611841
800,2015-08-17,5792.7728532755,5314.176159144212,7324.37493834781,5792.772833813285,5792.772873260625,561.6168912035796,561.6168912035796,561.6168912035796,0.0,0.0,0.0,0.0,0.0,0.0,0.0,0.0,0.0,990.5741225746345,990.5741225746345,990.5741225746345,-428.957231371055,-428.957231371055,-428.957231371055,0.0,0.0,0.0,6354.38974447908
801,2015-08-18,5793.544195373308,4464.10504067235,6599.301007525872,5793.544172829019,5793.544219885795,-250.3646255937152,-250.3646255937152,-250.3646255937152,0.0,0.0,0.0,0.0,0.0,0.0,0.0,0.0,0.0,196.69737466729345,196.69737466729345,196.69737466729345,-447.0620002610087,-447.0620002610087,-447.0620002610087,0.0,0.0,0.0,5543.179569779592
802,2015-08-19,5794.315537471117,4117.633916542846,6082.421054833109,5794.315511867988,5794.315566953697,-695.647764320292,-695.647764320292,-695.647764320292,0.0,0.0,0.0,0.0,0.0,0.0,0.0,0.0,0.0,-231.15786100527163,-231.15786100527163,-231.15786100527163,-464.48990331502046,-464.48990331502046,-464.48990331502046,0.0,0.0,0.0,5098.667773150824
803,2015-08-20,5795.086879568927,4033.4245366076743,6089.202185166783,5795.086850502485,5795.086912968938,-702.9809478760011,-702.9809478760011,-702.9809478760011,0.0,0.0,0.0,0.0,0.0,0.0,0.0,0.0,0.0,-221.72558111644545,-221.72558111644545,-221.72558111644545,-481.25536675955556,-481.25536675955556,-481.25536675955556,0.0,0.0,0.0,5092.105931692926
804,2015-08-21,5795.858221666735,4273.126094459766,6329.0124609953655,5795.8581889229445,5795.858259176295,-469.49165354568544,-469.49165354568544,-469.49165354568544,0.0,0.0,0.0,0.0,0.0,0.0,0.0,0.0,0.0,27.862288442564015,27.862288442564015,27.862288442564015,-497.35394198824946,-497.35394198824946,-497.35394198824946,0.0,0.0,0.0,5326.36656812105
805,2015-08-22,5796.6295637645435,3629.2567283261765,5702.9653803710435,5796.629524404663,5796.629605829255,-1152.5890880628144,-1152.5890880628144,-1152.5890880628144,0.0,0.0,0.0,0.0,0.0,0.0,0.0,0.0,0.0,-639.8329288277826,-639.8329288277826,-639.8329288277826,-512.7561592350319,-512.7561592350319,-512.7561592350319,0.0,0.0,0.0,4644.0404757017295
806,2015-08-23,5797.400905862352,4115.208123119151,6129.928198547939,5797.400862953713,5797.400954308586,-649.8199538043447,-649.8199538043447,-649.8199538043447,0.0,0.0,0.0,0.0,0.0,0.0,0.0,0.0,0.0,-122.4174147351093,-122.4174147351093,-122.4174147351093,-527.4025390692354,-527.4025390692354,-527.4025390692354,0.0,0.0,0.0,5147.580952058008
807,2015-08-24,5798.172247960161,5161.549111260188,7329.878148841605,5798.172200151181,5798.172301507735,449.37412669288983,449.37412669288983,449.37412669288983,0.0,0.0,0.0,0.0,0.0,0.0,0.0,0.0,0.0,990.5741225741791,990.5741225741791,990.5741225741791,-541.1999958812894,-541.1999958812894,-541.1999958812894,0.0,0.0,0.0,6247.546374653051
808,2015-08-25,5798.94359005797,4410.572254665599,6500.064306014763,5798.943537662935,5798.943651377838,-357.32244590424256,-357.32244590424256,-357.32244590424256,0.0,0.0,0.0,0.0,0.0,0.0,0.0,0.0,0.0,196.6973746668379,196.6973746668379,196.6973746668379,-554.0198205710805,-554.0198205710805,-554.0198205710805,0.0,0.0,0.0,5441.621144153728
809,2015-08-26,5799.714932155778,3917.6838255853427,6052.763450841388,5799.714874696989,5799.71500208792,-796.8552369410414,-796.8552369410414,-796.8552369410414,0.0,0.0,0.0,0.0,0.0,0.0,0.0,0.0,0.0,-231.15786100542806,-231.15786100542806,-231.15786100542806,-565.6973759356134,-565.6973759356134,-565.6973759356134,0.0,0.0,0.0,5002.859695214736
810,2015-08-27,5800.486274253587,3915.9172466044747,6032.844554557193,5800.486209915882,5800.486349799563,-797.7591605540096,-797.7591605540096,-797.7591605540096,0.0,0.0,0.0,0.0,0.0,0.0,0.0,0.0,0.0,-221.72558111691535,-221.72558111691535,-221.72558111691535,-576.0335794370942,-576.0335794370942,-576.0335794370942,0.0,0.0,0.0,5002.727113699578
811,2015-08-28,5801.257616351397,4111.570283923871,6277.126656377833,5801.257546923131,5801.257694930734,-556.9358975237169,-556.9358975237169,-556.9358975237169,0.0,0.0,0.0,0.0,0.0,0.0,0.0,0.0,0.0,27.86228844194114,27.86228844194114,27.86228844194114,-584.798185965658,-584.798185965658,-584.798185965658,0.0,0.0,0.0,5244.321718827679
812,2015-08-29,5802.028958449205,3575.0577896673317,5603.3644811572885,5802.0288881119195,5802.029040807124,-1231.5677486642235,-1231.5677486642235,-1231.5677486642235,0.0,0.0,0.0,0.0,0.0,0.0,0.0,0.0,0.0,-639.832928826406,-639.832928826406,-639.832928826406,-591.7348198378176,-591.7348198378176,-591.7348198378176,0.0,0.0,0.0,4570.461209784981
813,2015-08-30,5802.800300547014,4125.46452724071,6132.283543165605,5802.800224011074,5802.800390748422,-718.9850573411609,-718.9850573411609,-718.9850573411609,0.0,0.0,0.0,0.0,0.0,0.0,0.0,0.0,0.0,-122.41741473568375,-122.41741473568375,-122.41741473568375,-596.5676426054772,-596.5676426054772,-596.5676426054772,0.0,0.0,0.0,5083.815243205852
814,2015-08-31,5803.5716426448225,5194.09365862145,7292.599427245893,5803.571561666414,5803.571740135896,391.56463929118786,391.56463929118786,391.56463929118786,0.0,0.0,0.0,0.0,0.0,0.0,0.0,0.0,0.0,990.5741225754882,990.5741225754882,990.5741225754882,-599.0094832843004,-599.0094832843004,-599.0094832843004,0.0,0.0,0.0,6195.13628193601
815,2015-09-01,5804.342984742631,4366.824066280391,6468.97250231715,5804.342896080584,5804.343086595229,-402.07382761895485,-402.07382761895485,-402.07382761895485,0.0,0.0,0.0,0.0,0.0,0.0,0.0,0.0,0.0,196.6973746685144,196.6973746685144,196.6973746685144,-598.7712022874692,-598.7712022874692,-598.7712022874692,0.0,0.0,0.0,5402.269157123676
816,2015-09-02,5805.11432684044,3950.6269769854534,5957.105997180464,5805.114232113932,5805.114435958455,-826.7298724668041,-826.7298724668041,-826.7298724668041,0.0,0.0,0.0,0.0,0.0,0.0,0.0,0.0,0.0,-231.1578610052407,-231.1578610052407,-231.1578610052407,-595.5720114615634,-595.5720114615634,-595.5720114615634,0.0,0.0,0.0,4978.384454373636
817,2015-09-03,5805.885668938248,4010.6842076559547,6098.805051620302,5805.885570033427,5805.885783890711,-810.8760129257574,-810.8760129257574,-810.8760129257574,0.0,0.0,0.0,0.0,0.0,0.0,0.0,0.0,0.0,-221.72558111641058,-221.72558111641058,-221.72558111641058,-589.150431809347,-589.150431809347,-589.150431809347,0.0,0.0,0.0,4995.009656012491
818,2015-09-04,5806.657011036058,4219.678143950973,6339.7076835342505,5806.656903388392,5806.657133659903,-551.4132506778219,-551.4132506778219,-551.4132506778219,0.0,0.0,0.0,0.0,0.0,0.0,0.0,0.0,0.0,27.8622884413184,27.8622884413184,27.8622884413184,-579.2755391191403,-579.2755391191403,-579.2755391191403,0.0,0.0,0.0,5255.243760358237
819,2015-09-05,5807.428353133867,3458.846979767517,5687.281771160464,5807.428240090148,5807.428485323239,-1205.591055758806,-1205.591055758806,-1205.591055758806,0.0,0.0,0.0,0.0,0.0,0.0,0.0,0.0,0.0,-639.832928827507,-639.832928827507,-639.832928827507,-565.7581269312991,-565.7581269312991,-565.7581269312991,0.0,0.0,0.0,4601.837297375061
820,2015-09-06,5808.199695231676,4166.651346644508,6217.640460004697,5808.199575240553,5808.199838154596,-670.8788215876104,-670.8788215876104,-670.8788215876104,0.0,0.0,0.0,0.0,0.0,0.0,0.0,0.0,0.0,-122.41741473743535,-122.41741473743535,-122.41741473743535,-548.4614068501752,-548.4614068501752,-548.4614068501752,0.0,0.0,0.0,5137.320873644066
821,2015-09-07,5808.971037329484,5212.732075249782,7317.512897036937,5808.970908327069,5808.971190877704,463.26325395468103,463.26325395468103,463.26325395468103,0.0,0.0,0.0,0.0,0.0,0.0,0.0,0.0,0.0,990.5741225744104,990.5741225744104,990.5741225744104,-527.3108686197294,-527.3108686197294,-527.3108686197294,0.0,0.0,0.0,6272.234291284165
822,2015-09-08,5809.742379427293,4426.896686389646,6437.374511770834,5809.742243931365,5809.742538386255,-305.6055620620529,-305.6055620620529,-305.6055620620529,0.0,0.0,0.0,0.0,0.0,0.0,0.0,0.0,0.0,196.69737466764624,196.69737466764624,196.69737466764624,-502.3029367296991,-502.3029367296991,-502.3029367296991,0.0,0.0,0.0,5504.13681736524
823,2015-09-09,5810.513721525102,4057.640944281352,6164.298622415623,5810.513578137039,5810.513888654886,-704.6699473465244,-704.6699473465244,-704.6699473465244,0.0,0.0,0.0,0.0,0.0,0.0,0.0,0.0,0.0,-231.1578610050532,-231.1578610050532,-231.1578610050532,-473.5120863414713,-473.5120863414713,-473.5120863414713,0.0,0.0,0.0,5105.843774178577
824,2015-09-10,5811.2850636229105,4047.530565067166,6208.721722807818,5811.284908835813,5811.285236876079,-662.8216995350658,-662.8216995350658,-662.8216995350658,0.0,0.0,0.0,0.0,0.0,0.0,0.0,0.0,0.0,-221.72558111656832,-221.72558111656832,-221.72558111656832,-441.0961184184974,-441.0961184184974,-441.0961184184974,0.0,0.0,0.0,5148.463364087845
825,2015-09-11,5812.056405720718,4512.952754536361,6516.269201876442,5812.056242009087,5812.05658774604,-377.43705270374716,-377.43705270374716,-377.43705270374716,0.0,0.0,0.0,0.0,0.0,0.0,0.0,0.0,0.0,27.862288440695615,27.862288440695615,27.862288440695615,-405.29934114444274,-405.29934114444274,-405.29934114444274,0.0,0.0,0.0,5434.619353016971
826,2015-09-12,5812.827747818528,3851.2936111550916,5871.947034210767,5812.8275764383625,5812.827935664225,-1006.2863895799671,-1006.2863895799671,-1006.2863895799671,0.0,0.0,0.0,0.0,0.0,0.0,0.0,0.0,0.0,-639.8329288282108,-639.8329288282108,-639.8329288282108,-366.4534607517563,-366.4534607517563,-366.4534607517563,0.0,0.0,0.0,4806.541358238561
827,2015-09-13,5813.599089916337,4348.727508928951,6381.307602928762,5813.59890906919,5813.599283996549,-447.39346294153273,-447.39346294153273,-447.39346294153273,0.0,0.0,0.0,0.0,0.0,0.0,0.0,0.0,0.0,-122.41741473685727,-122.41741473685727,-122.41741473685727,-324.97604820467546,-324.97604820467546,-324.97604820467546,0.0,0.0,0.0,5366.2056269748045
828,2015-09-14,5814.370432014146,5487.251088071277,7586.392641369641,5814.370242647771,5814.370632328873,709.2076055793646,709.2076055793646,709.2076055793646,0.0,0.0,0.0,0.0,0.0,0.0,0.0,0.0,0.0,990.5741225748372,990.5741225748372,990.5741225748372,-281.3665169954727,-281.3665169954727,-281.3665169954727,0.0,0.0,0.0,6523.57803759351
829,2015-09-15,5815.141774111954,4715.448775601358,6804.352356022317,5815.141578588412,5815.1419822300295,-39.50224498057175,-39.50224498057175,-39.50224498057175,0.0,0.0,0.0,0.0,0.0,0.0,0.0,0.0,0.0,196.69737466677802,196.69737466677802,196.69737466677802,-236.19961964734978,-236.19961964734978,-236.19961964734978,0.0,0.0,0.0,5775.639529131382
830,2015-09-16,5815.913116209763,4357.94548032934,6479.6170219181595,5815.912914222292,5815.913330317143,-421.2744052615465,-421.2744052615465,-421.2744052615465,0.0,0.0,0.0,0.0,0.0,0.0,0.0,0.0,0.0,-231.15786100507106,-231.15786100507106,-231.15786100507106,-190.1165442564755,-190.1165442564755,-190.1165442564755,0.0,0.0,0.0,5394.638710948217
831,2015-09-17,5816.684458307572,4414.255055294026,6494.091255722091,5816.6842498238575,5816.684677325846,-365.5393465109775,-365.5393465109775,-365.5393465109775,0.0,0.0,0.0,0.0,0.0,0.0,0.0,0.0,0.0,-221.72558111637574,-221.72558111637574,-221.72558111637574,-143.81376539460177,-143.81376539460177,-143.81376539460177,0.0,0.0,0.0,5451.145111796594
832,2015-09-18,5817.4558004053815,4754.037083707983,6735.996465417744,5817.455586327181,5817.456025761444,-70.16758528693865,-70.16758528693865,-70.16758528693865,0.0,0.0,0.0,0.0,0.0,0.0,0.0,0.0,0.0,27.86228844218148,27.86228844218148,27.86228844218148,-98.02987372912014,-98.02987372912014,-98.02987372912014,0.0,0.0,0.0,5747.288215118443
833,2015-09-19,5818.22714250319,4058.110065686092,6222.698074030373,5818.226921738301,5818.227376839637,-693.3636025416188,-693.3636025416188,-693.3636025416188,0.0,0.0,0.0,0.0,0.0,0.0,0.0,0.0,0.0,-639.8329288268343,-639.8329288268343,-639.8329288268343,-53.53067371478449,-53.53067371478449,-53.53067371478449,0.0,0.0,0.0,5124.863539961571
834,2015-09-20,5818.998484600998,4620.812702335325,6703.192667028505,5818.99825769783,5818.998727197619,-133.5103113796118,-133.5103113796118,-133.5103113796118,0.0,0.0,0.0,0.0,0.0,0.0,0.0,0.0,0.0,-122.41741473627927,-122.41741473627927,-122.41741473627927,-11.092896643332516,-11.092896643332516,-11.092896643332516,0.0,0.0,0.0,5685.488173221386
835,2015-09-21,5819.769826698807,5892.8410279455,7918.55275570768,5819.76959365736,5819.770080387733,1019.0871971552685,1019.0871971552685,1019.0871971552685,0.0,0.0,0.0,0.0,0.0,0.0,0.0,0.0,0.0,990.5741225752643,990.5741225752643,990.5741225752643,28.51307458000432,28.51307458000432,28.51307458000432,0.0,0.0,0.0,6838.857023854076
836,2015-09-22,5820.541168796616,5034.424380061568,7116.861513141441,5820.540927781263,5820.541430470728,261.238408580996,261.238408580996,261.238408580996,0.0,0.0,0.0,0.0,0.0,0.0,0.0,0.0,0.0,196.69737466590993,196.69737466590993,196.69737466590993,64.54103391508608,64.54103391508608,64.54103391508608,0.0,0.0,0.0,6081.779577377612
837,2015-09-23,5821.312510894425,4706.679897466858,6812.9366008364805,5821.312265655384,5821.312778924575,-134.87098902563687,-134.87098902563687,-134.87098902563687,0.0,0.0,0.0,0.0,0.0,0.0,0.0,0.0,0.0,-231.15786100474492,-231.15786100474492,-231.15786100474492,96.28687197910808,96.28687197910808,96.28687197910808,0.0,0.0,0.0,5686.441521868788
838,2015-09-24,5822.083852992233,4675.9340434826245,6808.140235558129,5822.083601674783,5822.084133080207,-98.61947015924711,-98.61947015924711,-98.61947015924711,0.0,0.0,0.0,0.0,0.0,0.0,0.0,0.0,0.0,-221.7255811165335,-221.7255811165335,-221.7255811165335,123.10611095728638,123.10611095728638,123.10611095728638,0.0,0.0,0.0,5723.464382832986
839,2015-09-25,5822.855195090042,4961.485676810041,7104.721798996178,5822.854935617737,5822.855482488593,172.29286591803626,172.29286591803626,172.29286591803626,0.0,0.0,0.0,0.0,0.0,0.0,0.0,0.0,0.0,27.862288441558686,27.862288441558686,27.862288441558686,144.43057747647754,144.43057747647754,144.43057747647754,0.0,0.0,0.0,5995.148061008078
840,2015-09-26,5823.626537187852,4272.898268751003,6399.336178363616,5823.6262682326405,5823.626839585049,-480.0491800043886,-480.0491800043886,-480.0491800043886,0.0,0.0,0.0,0.0,0.0,0.0,0.0,0.0,0.0,-639.8329288275382,-639.8329288275382,-639.8329288275382,159.78374882314958,159.78374882314958,159.78374882314958,0.0,0.0,0.0,5343.577357183463
841,2015-09-27,5824.397879285661,4801.423404988483,6930.332114614055,5824.397603356124,5824.398191270878,46.37691904289801,46.37691904289801,46.37691904289801,0.0,0.0,0.0,0.0,0.0,0.0,0.0,0.0,0.0,-122.41741473452419,-122.41741473452419,-122.41741473452419,168.7943337774222,168.7943337774222,168.7943337774222,0.0,0.0,0.0,5870.774798328559
842,2015-09-28,5825.1692213834685,5923.134951484265,8014.241087306455,5825.168936016892,5825.169541464125,1161.7818105907072,1161.7818105907072,1161.7818105907072,0.0,0.0,0.0,0.0,0.0,0.0,0.0,0.0,0.0,990.5741225750685,990.5741225750685,990.5741225750685,171.20768801563867,171.20768801563867,171.20768801563867,0.0,0.0,0.0,6986.951031974176
843,2015-09-29,5825.940563481277,5140.481022569797,7159.153278466439,5825.940270493576,5825.940892726273,363.59208924973433,363.59208924973433,363.59208924973433,0.0,0.0,0.0,0.0,0.0,0.0,0.0,0.0,0.0,196.6973746675864,196.6973746675864,196.6973746675864,166.89471458214794,166.89471458214794,166.89471458214794,0.0,0.0,0.0,6189.532652731012
844,2015-09-30,5826.711905579086,4720.169658965331,6829.734760316936,5826.711603805165,5826.7122528886985,-75.29989992241627,-75.29989992241627,-75.29989992241627,0.0,0.0,0.0,0.0,0.0,0.0,0.0,0.0,0.0,-231.15786100504002,-231.15786100504002,-231.15786100504002,155.85796108262375,155.85796108262375,155.85796108262375,0.0,0.0,0.0,5751.41200565667
845,2015-10-01,5827.483247676895,4640.527067969986,6809.359130493284,5827.482939702687,5827.48360267032,-83.49088571951621,-83.49088571951621,-83.49088571951621,0.0,0.0,0.0,0.0,0.0,0.0,0.0,0.0,0.0,-221.72558111602874,-221.72558111602874,-221.72558111602874,138.23469539651254,138.23469539651254,138.23469539651254,0.0,0.0,0.0,5743.992361957379
846,2015-10-02,5828.254589774703,4976.027471183508,7103.828967869219,5828.2542758566215,5828.25495130437,142.15910743639677,142.15910743639677,142.15910743639677,0.0,0.0,0.0,0.0,0.0,0.0,0.0,0.0,0.0,27.86228844093583,27.86228844093583,27.86228844093583,114.29681899546092,114.29681899546092,114.29681899546092,0.0,0.0,0.0,5970.4136972111
847,2015-10-03,5829.025931872512,4331.563060963174,6380.075334344288,5829.02560950172,5829.026305966904,-555.3853695395645,-555.3853695395645,-555.3853695395645,0.0,0.0,0.0,0.0,0.0,0.0,0.0,0.0,0.0,-639.8329288270033,-639.8329288270033,-639.8329288270033,84.44755928743879,84.44755928743879,84.44755928743879,0.0,0.0,0.0,5273.640562332947
848,2015-10-04,5829.797273970322,4766.356113300326,6740.941622554158,5829.796945653996,5829.797658254368,-73.20244720239751,-73.20244720239751,-73.20244720239751,0.0,0.0,0.0,0.0,0.0,0.0,0.0,0.0,0.0,-122.41741473745282,-122.41741473745282,-122.41741473745282,49.21496753505531,49.21496753505531,49.21496753505531,0.0,0.0,0.0,5756.594826767924
849,2015-10-05,5830.568616068131,5823.5215858030115,8005.35949140943,5830.568277667662,5830.569009529421,999.8164570418388,999.8164570418388,999.8164570418388,0.0,0.0,0.0,0.0,0.0,0.0,0.0,0.0,0.0,990.5741225746133,990.5741225746133,990.5741225746133,9.242334467225527,9.242334467225527,9.242334467225527,0.0,0.0,0.0,6830.385073109969
850,2015-10-06,5831.339958165939,4943.703637355113,7055.537225531919,5831.339609333844,5831.340370900645,161.97309398729914,161.97309398729914,161.97309398729914,0.0,0.0,0.0,0.0,0.0,0.0,0.0,0.0,0.0,196.69737466630554,196.69737466630554,196.69737466630554,-34.724280679006434,-34.724280679006434,-34.724280679006434,0.0,0.0,0.0,5993.313052153238
851,2015-10-07,5832.111300263748,4581.597043942909,6571.354239980509,5832.1109435396575,5832.111729613857,-313.00899364035496,-313.00899364035496,-313.00899364035496,0.0,0.0,0.0,0.0,0.0,0.0,0.0,0.0,0.0,-231.15786100505778,-231.15786100505778,-231.15786100505778,-81.85113263529715,-81.85113263529715,-81.85113263529715,0.0,0.0,0.0,5519.102306623393
852,2015-10-08,5832.8826423615565,4378.110609656169,6502.345801748638,5832.882277880258,5832.883085586313,-352.9597174065411,-352.9597174065411,-352.9597174065411,0.0,0.0,0.0,0.0,0.0,0.0,0.0,0.0,0.0,-221.72558111552402,-221.72558111552402,-221.72558111552402,-131.23413629101705,-131.23413629101705,-131.23413629101705,0.0,0.0,0.0,5479.922924955015
853,2015-10-09,5833.653984459365,4625.67518989598,6636.324547547349,5833.6536081472095,5833.654439106754,-154.05577624925226,-154.05577624925226,-154.05577624925226,0.0,0.0,0.0,0.0,0.0,0.0,0.0,0.0,0.0,27.862288441366694,27.862288441366694,27.862288441366694,-181.91806469061896,-181.91806469061896,-181.91806469061896,0.0,0.0,0.0,5679.598208210113
854,2015-10-10,5834.425326557173,3886.3400423717517,6033.8555983089445,5834.424939114613,5834.42579237602,-872.7500621718183,-872.7500621718183,-872.7500621718183,0.0,0.0,0.0,0.0,0.0,0.0,0.0,0.0,0.0,-639.8329288268656,-639.8329288268656,-639.8329288268656,-232.91713334495273,-232.91713334495273,-232.91713334495273,0.0,0.0,0.0,4961.675264385355
855,2015-10-11,5835.196668654983,4408.925496245538,6467.932617439968,5835.196267843958,5835.197149662986,-405.65387861561055,-405.65387861561055,-405.65387861561055,0.0,0.0,0.0,0.0,0.0,0.0,0.0,0.0,0.0,-122.41741473569766,-122.41741473569766,-122.41741473569766,-283.23646387991283,-283.23646387991283,-283.23646387991283,0.0,0.0,0.0,5429.542790039372
856,2015-10-12,5835.968010752792,5498.4339195411985,7560.783554448907,5835.967600989609,5835.968502300346,658.6802306660189,658.6802306660189,658.6802306660189,0.0,0.0,0.0,0.0,0.0,0.0,0.0,0.0,0.0,990.5741225750401,990.5741225750401,990.5741225750401,-331.8938919090211,-331.8938919090211,-331.8938919090211,0.0,0.0,0.0,6494.648241418811
857,2015-10-13,5836.739352850601,4601.156530716593,6709.4592425702585,5836.738934222955,5836.7398624160705,-181.24419547159405,-181.24419547159405,-181.24419547159405,0.0,0.0,0.0,0.0,0.0,0.0,0.0,0.0,0.0,196.69737466798205,196.69737466798205,196.69737466798205,-377.94157013957613,-377.94157013957613,-377.94157013957613,0.0,0.0,0.0,5655.495157379007
858,2015-10-14,5837.51069494841,4151.774957196851,6243.558724514932,5837.510268087034,5837.511213397073,-651.6446795815757,-651.6446795815757,-651.6446795815757,0.0,0.0,0.0,0.0,0.0,0.0,0.0,0.0,0.0,-231.15786100487037,-231.15786100487037,-231.15786100487037,-420.48681857670533,-420.48681857670533,-420.48681857670533,0.0,0.0,0.0,5185.866015366834
859,2015-10-15,5838.282037046218,4094.4943104736285,6178.631459302157,5838.281602244487,5838.282563212814,-680.4372705103145,-680.4372705103145,-680.4372705103145,0.0,0.0,0.0,0.0,0.0,0.0,0.0,0.0,0.0,-221.7255811159939,-221.7255811159939,-221.7255811159939,-458.7116893943208,-458.7116893943208,-458.7116893943208,0.0,0.0,0.0,5157.844766535904
860,2015-10-16,5839.053379144027,4309.082228838969,6318.542572572787,5839.052935877451,5839.05391946978,-464.02845581048666,-464.02845581048666,-464.02845581048666,0.0,0.0,0.0,0.0,0.0,0.0,0.0,0.0,0.0,27.86228844179894,27.86228844179894,27.86228844179894,-491.89074425228563,-491.89074425228563,-491.89074425228563,0.0,0.0,0.0,5375.02492333354
861,2015-10-17,5839.8247212418355,3616.2109537831084,5723.272318877881,5839.8242710792865,5839.825271946937,-1159.2395146598108,-1159.2395146598108,-1159.2395146598108,0.0,0.0,0.0,0.0,0.0,0.0,0.0,0.0,0.0,-639.8329288267278,-639.8329288267278,-639.8329288267278,-519.4065858330831,-519.4065858330831,-519.4065858330831,0.0,0.0,0.0,4680.5852065820245
862,2015-10-18,5840.596063339645,4134.2365956169615,6147.106820603067,5840.595605530147,5840.596633907188,-663.1801567694503,-663.1801567694503,-663.1801567694503,0.0,0.0,0.0,0.0,0.0,0.0,0.0,0.0,0.0,-122.41741473394255,-122.41741473394255,-122.41741473394255,-540.7627420355077,-540.7627420355077,-540.7627420355077,0.0,0.0,0.0,5177.415906570195
863,2015-10-19,5841.367405437453,5188.755638040774,7338.599341269276,5841.366937954043,5841.367994673876,434.98055347351703,434.98055347351703,434.98055347351703,0.0,0.0,0.0,0.0,0.0,0.0,0.0,0.0,0.0,990.5741225754671,990.5741225754671,990.5741225754671,-555.5935691019499,-555.5935691019499,-555.5935691019499,0.0,0.0,0.0,6276.34795891097
864,2015-10-20,5842.138747535262,4415.107676774719,6523.055060335551,5842.138271775385,5842.139350891312,-366.97354253175655,-366.97354253175655,-366.97354253175655,0.0,0.0,0.0,0.0,0.0,0.0,0.0,0.0,0.0,196.69737466924596,196.69737466924596,196.69737466924596,-563.6709172010025,-563.6709172010025,-563.6709172010025,0.0,0.0,0.0,5475.165205003505
865,2015-10-21,5842.910089633071,4083.6032015053142,6092.217965454397,5842.909606415606,5842.910706836137,-796.0652475375784,-796.0652475375784,-796.0652475375784,0.0,0.0,0.0,0.0,0.0,0.0,0.0,0.0,0.0,-231.15786100502675,-231.15786100502675,-231.15786100502675,-564.9073865325518,-564.9073865325518,-564.9073865325518,0.0,0.0,0.0,5046.844842095493
866,2015-10-22,5843.68143173088,4004.6572827754044,6164.253838768733,5843.680940488431,5843.682061578823,-781.081672747071,-781.081672747071,-781.081672747071,0.0,0.0,0.0,0.0,0.0,0.0,0.0,0.0,0.0,-221.7255811161516,-221.7255811161516,-221.7255811161516,-559.3560916309193,-559.3560916309193,-559.3560916309193,0.0,0.0,0.0,5062.599758983809
867,2015-10-23,5844.452773828688,4200.733909263293,6359.201157644954,5844.452269273199,5844.453415998118,-519.3446552987461,-519.3446552987461,-519.3446552987461,0.0,0.0,0.0,0.0,0.0,0.0,0.0,0.0,0.0,27.862288441174712,27.862288441174712,27.862288441174712,-547.2069437399209,-547.2069437399209,-547.2069437399209,0.0,0.0,0.0,5325.108118529942
868,2015-10-24,5845.224115926497,3647.391981967441,5762.927496381373,5845.223600277598,5845.224772092577,-1168.61248226395,-1168.61248226395,-1168.61248226395,0.0,0.0,0.0,0.0,0.0,0.0,0.0,0.0,0.0,-639.8329288278286,-639.8329288278286,-639.8329288278286,-528.7795534361213,-528.7795534361213,-528.7795534361213,0.0,0.0,0.0,4676.611633662547
869,2015-10-25,5845.995458024307,4127.242834802926,6176.978190978941,5845.99493298603,5845.9961252962385,-626.9303602804761,-626.9303602804761,-626.9303602804761,0.0,0.0,0.0,0.0,0.0,0.0,0.0,0.0,0.0,-122.4174147368712,-122.4174147368712,-122.4174147368712,-504.5129455436048,-504.5129455436048,-504.5129455436048,0.0,0.0,0.0,5219.065097743831
870,2015-10-26,5846.7668001221155,5353.979224576583,7382.50785297704,5846.766266010382,5846.767478524536,515.6217592349524,515.6217592349524,515.6217592349524,0.0,0.0,0.0,0.0,0.0,0.0,0.0,0.0,0.0,990.5741225752712,990.5741225752712,990.5741225752712,-474.95236334031887,-474.95236334031887,-474.95236334031887,0.0,0.0,0.0,6362.388559357068
871,2015-10-27,5847.538142219923,4577.657140456785,6684.686938360307,5847.537599034733,5847.538830340745,-244.03614210368892,-244.03614210368892,-244.03614210368892,0.0,0.0,0.0,0.0,0.0,0.0,0.0,0.0,0.0,196.6973746683778,196.6973746683778,196.6973746683778,-440.7335167720667,-440.7335167720667,-440.7335167720667,0.0,0.0,0.0,5603.502000116235
872,2015-10-28,5848.309484317732,4261.505190017351,6281.96450201207,5848.3089321066045,5848.310181607565,-633.7225587067772,-633.7225587067772,-633.7225587067772,0.0,0.0,0.0,0.0,0.0,0.0,0.0,0.0,0.0,-231.1578610051832,-231.1578610051832,-231.1578610051832,-402.564697701594,-402.564697701594,-402.564697701594,0.0,0.0,0.0,5214.586925610955
873,2015-10-29,5849.080826415541,4209.232201691039,6267.142953902836,5849.080260144173,5849.081533457305,-582.932823352518,-582.932823352518,-582.932823352518,0.0,0.0,0.0,0.0,0.0,0.0,0.0,0.0,0.0,-221.72558111630937,-221.72558111630937,-221.72558111630937,-361.20724223620863,-361.20724223620863,-361.20724223620863,0.0,0.0,0.0,5266.148003063023
874,2015-10-30,5849.85216851335,4519.183150960856,6642.220687367456,5849.851588825299,5849.8528804152675,-289.5925758636411,-289.5925758636411,-289.5925758636411,0.0,0.0,0.0,0.0,0.0,0.0,0.0,0.0,0.0,27.862288442660702,27.862288442660702,27.862288442660702,-317.4548643063019,-317.4548643063019,-317.4548643063019,0.0,0.0,0.0,5560.259592649709
875,2015-10-31,5850.623510611159,3880.1145838652506,5984.971771623462,5850.622920624239,5850.624231061909,-911.9453434934725,-911.9453434934725,-911.9453434934725,0.0,0.0,0.0,0.0,0.0,0.0,0.0,0.0,0.0,-639.8329288272938,-639.8329288272938,-639.8329288272938,-272.1124146661786,-272.1124146661786,-272.1124146661786,0.0,0.0,0.0,4938.678167117687
876,2015-11-01,5851.394852708967,4434.591446761458,6538.052503495792,5851.394256510191,5851.395588505903,-348.39204924861366,-348.39204924861366,-348.39204924861366,0.0,0.0,0.0,0.0,0.0,0.0,0.0,0.0,0.0,-122.41741473511608,-122.41741473511608,-122.41741473511608,-225.9746345134976,-225.9746345134976,-225.9746345134976,0.0,0.0,0.0,5503.002803460353
877,2015-11-02,5852.166194806777,5608.779878752605,7670.920050254936,5852.165599022502,5852.166934439737,810.7686500511993,810.7686500511993,810.7686500511993,0.0,0.0,0.0,0.0,0.0,0.0,0.0,0.0,0.0,990.5741225748161,990.5741225748161,990.5741225748161,-179.80547252361671,-179.80547252361671,-179.80547252361671,0.0,0.0,0.0,6662.934844857976
878,2015-11-03,5852.937536904586,4849.2354820837845,6900.018971571737,5852.936940748063,5852.938294387353,62.37885640058229,62.37885640058229,62.37885640058229,0.0,0.0,0.0,0.0,0.0,0.0,0.0,0.0,0.0,196.69737466750956,196.69737466750956,196.69737466750956,-134.31851826692727,-134.31851826692727,-134.31851826692727,0.0,0.0,0.0,5915.316393305168
879,2015-11-04,5853.708879002394,4466.334385808247,6572.27117979633,5853.708271615295,5853.709663614753,-321.3169351279215,-321.3169351279215,-321.3169351279215,0.0,0.0,0.0,0.0,0.0,0.0,0.0,0.0,0.0,-231.15786100520103,-231.15786100520103,-231.15786100520103,-90.15907412272041,-90.15907412272041,-90.15907412272041,0.0,0.0,0.0,5532.391943874472
880,2015-11-05,5854.4802211002025,4569.418422687659,6623.8954343469795,5854.479606611175,5854.481021301086,-269.61392386698077,-269.61392386698077,-269.61392386698077,0.0,0.0,0.0,0.0,0.0,0.0,0.0,0.0,0.0,-221.72558111611679,-221.72558111611679,-221.72558111611679,-47.888342750864005,-47.888342750864005,-47.888342750864005,0.0,0.0,0.0,5584.866297233221
881,2015-11-06,5855.251563198011,4896.721160729219,7067.373309507041,5855.250936447075,5855.252375237074,19.89213928783506,19.89213928783506,19.89213928783506,0.0,0.0,0.0,0.0,0.0,0.0,0.0,0.0,0.0,27.862288442037908,27.862288442037908,27.862288442037908,-7.970149154202847,-7.970149154202847,-7.970149154202847,0.0,0.0,0.0,5875.143702485846
882,2015-11-07,5856.02290529582,4266.533838547229,6335.124259189758,5856.022270375868,5856.023729847235,-610.5934757585619,-610.5934757585619,-610.5934757585619,0.0,0.0,0.0,0.0,0.0,0.0,0.0,0.0,0.0,-639.832928827156,-639.832928827156,-639.832928827156,29.239453068594234,29.239453068594234,29.239453068594234,0.0,0.0,0.0,5245.429429537258
883,2015-11-08,5856.79424739363,4723.534273024965,6839.1918268246345,5856.793611288374,5856.795090993049,-58.91799411617837,-58.91799411617837,-58.91799411617837,0.0,0.0,0.0,0.0,0.0,0.0,0.0,0.0,0.0,-122.41741473453811,-122.41741473453811,-122.41741473453811,63.49942061835975,63.49942061835975,63.49942061835975,0.0,0.0,0.0,5797.876253277452
884,2015-11-09,5857.565589491438,5925.116002157494,8035.710205933014,5857.56495245108,5857.566452996703,1085.261742743439,1085.261742743439,1085.261742743439,0.0,0.0,0.0,0.0,0.0,0.0,0.0,0.0,0.0,990.5741225755028,990.5741225755028,990.5741225755028,94.68762016793627,94.68762016793627,94.68762016793627,0.0,0.0,0.0,6942.827332234877
885,2015-11-10,5858.336931589247,5109.733692991036,7182.2488363096545,5858.336281719064,5858.337810388228,319.4986703946129,319.4986703946129,319.4986703946129,0.0,0.0,0.0,0.0,0.0,0.0,0.0,0.0,0.0,196.69737466918616,196.69737466918616,196.69737466918616,122.80129572542673,122.80129572542673,122.80129572542673,0.0,0.0,0.0,6177.835601983859
886,2015-11-11,5859.108273687056,4730.521314627961,6914.737719282453,5859.1076061447075,5859.109163703577,-83.20375663173346,-83.20375663173346,-83.20375663173346,0.0,0.0,0.0,0.0,0.0,0.0,0.0,0.0,0.0,-231.15786100515217,-231.15786100515217,-231.15786100515217,147.95410437341872,147.95410437341872,147.95410437341872,0.0,0.0,0.0,5775.904517055323
887,2015-11-12,5859.879615784864,4790.447283420884,6819.4366758799,5859.878945277711,5859.8805207607365,-51.35576634031026,-51.35576634031026,-51.35576634031026,0.0,0.0,0.0,0.0,0.0,0.0,0.0,0.0,0.0,-221.7255811162745,-221.7255811162745,-221.7255811162745,170.36981477596424,170.36981477596424,170.36981477596424,0.0,0.0,0.0,5808.523849444554
888,2015-11-13,5860.650957882673,5051.327978872514,7096.7382473558255,5860.650275793012,5860.651871715984,218.2351423481085,218.2351423481085,218.2351423481085,0.0,0.0,0.0,0.0,0.0,0.0,0.0,0.0,0.0,27.862288441415053,27.862288441415053,27.862288441415053,190.37285390669348,190.37285390669348,190.37285390669348,0.0,0.0,0.0,6078.886100230781
889,2015-11-14,5861.4222999804815,4325.194866793877,6397.611418884583,5861.421608210536,5861.423224879667,-431.4569554368508,-431.4569554368508,-431.4569554368508,0.0,0.0,0.0,0.0,0.0,0.0,0.0,0.0,0.0,-639.8329288270182,-639.8329288270182,-639.8329288270182,208.3759733901675,208.3759733901675,208.3759733901675,0.0,0.0,0.0,5429.965344543631
890,2015-11-15,5862.19364207829,4920.278177602903,6960.057218404598,5862.192938871061,5862.194577105726,102.44797057623406,102.44797057623406,102.44797057623406,0.0,0.0,0.0,0.0,0.0,0.0,0.0,0.0,0.0,-122.41741473278294,-122.41741473278294,-122.41741473278294,224.865385309017,224.865385309017,224.865385309017,0.0,0.0,0.0,5964.641612654525
891,2015-11-16,5862.9649841761,6085.513052381223,8195.917780539634,5862.964270721739,5862.965927485318,1230.957908748705,1230.957908748705,1230.957908748705,0.0,0.0,0.0,0.0,0.0,0.0,0.0,0.0,0.0,990.5741225744249,990.5741225744249,990.5741225744249,240.38378617428006,240.38378617428006,240.38378617428006,0.0,0.0,0.0,7093.922892924806
892,2015-11-17,5863.736326273908,5282.452048589861,7398.06261021613,5863.735599015227,5863.7372801111305,452.2091197806338,452.2091197806338,452.2091197806338,0.0,0.0,0.0,0.0,0.0,0.0,0.0,0.0,0.0,196.6973746683179,196.6973746683179,196.6973746683179,255.51174511231596,255.51174511231596,255.51174511231596,0.0,0.0,0.0,6315.945446054542
893,2015-11-18,5864.507668371717,4801.798317874136,6946.983754520631,5864.506933005429,5864.508632736942,39.69011562600848,39.69011562600848,39.69011562600848,0.0,0.0,0.0,0.0,0.0,0.0,0.0,0.0,0.0,-231.15786100517002,-231.15786100517002,-231.15786100517002,270.8479766311785,270.8479766311785,270.8479766311785,0.0,0.0,0.0,5904.197783997725
894,2015-11-19,5865.279010469526,4977.822640949009,6986.025932699753,5865.278265380212,5865.279985919346,65.26346728813287,65.26346728813287,65.26346728813287,0.0,0.0,0.0,0.0,0.0,0.0,0.0,0.0,0.0,-221.72558111576976,-221.72558111576976,-221.72558111576976,286.98904840390264,286.98904840390264,286.98904840390264,0.0,0.0,0.0,5930.542477757659
895,2015-11-20,5866.050352567335,5036.009092434551,7305.605741208136,5866.049591988707,5866.051339691141,332.3713779747432,332.3713779747432,332.3713779747432,0.0,0.0,0.0,0.0,0.0,0.0,0.0,0.0,0.0,27.862288440792184,27.862288440792184,27.862288440792184,304.509089533951,304.509089533951,304.509089533951,0.0,0.0,0.0,6198.421730542078
896,2015-11-21,5866.821694665143,4562.475828996261,6569.236297354198,5866.820918597201,5866.822704082381,-315.8928644475268,-315.8928644475268,-315.8928644475268,0.0,0.0,0.0,0.0,0.0,0.0,0.0,0.0,0.0,-639.8329288277221,-639.8329288277221,-639.8329288277221,323.9400643801952,323.9400643801952,323.9400643801952,0.0,0.0,0.0,5550.9288302176155
897,2015-11-22,5867.593036762952,5018.884728346516,7096.737740373798,5867.592244858407,5867.594068174755,223.33574649749633,223.33574649749633,223.33574649749633,0.0,0.0,0.0,0.0,0.0,0.0,0.0,0.0,0.0,-122.41741473571162,-122.41741473571162,-122.41741473571162,345.75316123320795,345.75316123320795,345.75316123320795,0.0,0.0,0.0,6090.928783260448
898,2015-11-23,5868.3643788607615,6220.032383743752,8267.800784022831,5868.363570226835,5868.3654232238005,1360.9159370099228,1360.9159370099228,1360.9159370099228,0.0,0.0,0.0,0.0,0.0,0.0,0.0,0.0,0.0,990.5741225739694,990.5741225739694,990.5741225739694,370.34181443595327,370.34181443595327,370.34181443595327,0.0,0.0,0.0,7229.280315870685
899,2015-11-24,5869.13572095857,5388.556692407165,7456.510166116555,5869.134896994049,5869.136777514041,594.7042084451589,594.7042084451589,594.7042084451589,0.0,0.0,0.0,0.0,0.0,0.0,0.0,0.0,0.0,196.69737466744968,196.69737466744968,196.69737466744968,398.0068337777092,398.0068337777092,398.0068337777092,0.0,0.0,0.0,6463.839929403729
900,2015-11-25,5869.907063056379,5042.310253356876,7132.973116351672,5869.906227678837,5869.908135303579,197.78619642997987,197.78619642997987,197.78619642997987,0.0,0.0,0.0,0.0,0.0,0.0,0.0,0.0,0.0,-231.1578610053264,-231.1578610053264,-231.1578610053264,428.94405743530626,428.94405743530626,428.94405743530626,0.0,0.0,0.0,6067.693259486359
901,2015-11-26,5870.678405154187,5010.683319749733,7087.7745233289215,5870.677559339895,5870.67949759026,241.50929486060787,241.50929486060787,241.50929486060787,0.0,0.0,0.0,0.0,0.0,0.0,0.0,0.0,0.0,-221.7255811172143,-221.7255811172143,-221.7255811172143,463.2348759778221,463.2348759778221,463.2348759778221,0.0,0.0,0.0,6112.187700014795
902,2015-11-27,5871.449747251996,5379.054663991314,7446.809505629923,5871.448887901933,5871.450858187941,528.7021853456229,528.7021853456229,528.7021853456229,0.0,0.0,0.0,0.0,0.0,0.0,0.0,0.0,0.0,27.862288442278135,27.862288442278135,27.862288442278135,500.83989690334477,500.83989690334477,500.83989690334477,0.0,0.0,0.0,6400.151932597619
903,2015-11-28,5872.221089349805,4775.306830206986,6794.206073770244,5872.220219336073,5872.222213432551,-98.23699483780406,-98.23699483780406,-98.23699483780406,0.0,0.0,0.0,0.0,0.0,0.0,0.0,0.0,0.0,-639.8329288263456,-639.8329288263456,-639.8329288263456,541.5959339885414,541.5959339885414,541.5959339885414,0.0,0.0,0.0,5773.984094512001
904,2015-11-29,5872.992431447613,5306.243748411233,7431.842667632266,5872.991546117297,5872.993576560689,462.79900101470326,462.79900101470326,462.79900101470326,0.0,0.0,0.0,0.0,0.0,0.0,0.0,0.0,0.0,-122.4174147339565,-122.4174147339565,-122.4174147339565,585.2164157486599,585.2164157486599,585.2164157486599,0.0,0.0,0.0,6335.791432462316
905,2015-11-30,5873.763773545422,6432.5506731525875,8532.88188881603,5873.762877376349,5873.764928844497,1621.8693375690327,1621.8693375690327,1621.8693375690327,0.0,0.0,0.0,0.0,0.0,0.0,0.0,0.0,0.0,990.5741225752786,990.5741225752786,990.5741225752786,631.2952149937539,631.2952149937539,631.2952149937539,0.0,0.0,0.0,7495.633111114455
906,2015-12-01,5874.535115643232,5724.288257925454,7787.820839268077,5874.534202968828,5874.5362818540125,876.0111840033123,876.0111840033123,876.0111840033123,0.0,0.0,0.0,0.0,0.0,0.0,0.0,0.0,0.0,196.69737466658154,196.69737466658154,196.69737466658154,679.3138093367307,679.3138093367307,679.3138093367307,0.0,0.0,0.0,6750.546299646544
907,2015-12-02,5875.3064577410405,5351.662441670025,7395.747675743945,5875.305532118723,5875.307638456825,497.4937320770346,497.4937320770346,497.4937320770346,0.0,0.0,0.0,0.0,0.0,0.0,0.0,0.0,0.0,-231.15786100500034,-231.15786100500034,-231.15786100500034,728.651593082035,728.651593082035,728.651593082035,0.0,0.0,0.0,6372.8001898180755
908,2015-12-03,5876.077799838849,5411.397035146176,7484.012644767931,5876.076858968231,5876.078999417622,556.8734954826905,556.8734954826905,556.8734954826905,0.0,0.0,0.0,0.0,0.0,0.0,0.0,0.0,0.0,-221.72558111670958,-221.72558111670958,-221.72558111670958,778.5990765994001,778.5990765994001,778.5990765994001,0.0,0.0,0.0,6432.95129532154
909,2015-12-04,5876.849141936657,5681.301680256046,7738.098459933602,5876.848186739291,5876.85035404822,856.2359207928793,856.2359207928793,856.2359207928793,0.0,0.0,0.0,0.0,0.0,0.0,0.0,0.0,0.0,27.862288442710476,27.862288442710476,27.862288442710476,828.3736323501687,828.3736323501687,828.3736323501687,0.0,0.0,0.0,6733.085062729537
910,2015-12-05,5877.620484034466,5083.940864681037,7126.394096589433,5877.619512431193,5877.621707191132,237.30445040104718,237.30445040104718,237.30445040104718,0.0,0.0,0.0,0.0,0.0,0.0,0.0,0.0,0.0,-639.8329288274465,-639.8329288274465,-639.8329288274465,877.1373792284937,877.1373792284937,877.1373792284937,0.0,0.0,0.0,6114.924934435513
911,2015-12-06,5878.391826132275,5617.578574149341,7763.3010300466385,5878.390840221844,5878.393058170193,801.599325862211,801.599325862211,801.599325862211,0.0,0.0,0.0,0.0,0.0,0.0,0.0,0.0,0.0,-122.41741473570804,-122.41741473570804,-122.41741473570804,924.016740597919,924.016740597919,924.016740597919,0.0,0.0,0.0,6679.991151994486
912,2015-12-07,5879.163168230083,6714.479247934831,8860.097733005738,5879.162170081808,5879.16441526001,1958.6972903880462,1958.6972903880462,1958.6972903880462,0.0,0.0,0.0,0.0,0.0,0.0,0.0,0.0,0.0,990.5741225742009,990.5741225742009,990.5741225742009,968.1231678138453,968.1231678138453,968.1231678138453,0.0,0.0,0.0,7837.860458618129
913,2015-12-08,5879.934510327893,6007.142155892263,8117.895173150993,5879.933505694591,5879.935769662386,1205.2718659001307,1205.2718659001307,1205.2718659001307,0.0,0.0,0.0,0.0,0.0,0.0,0.0,0.0,0.0,196.69737466825808,196.69737466825808,196.69737466825808,1008.5744912318726,1008.5744912318726,1008.5744912318726,0.0,0.0,0.0,7085.206376228023
914,2015-12-09,5880.705852425702,5633.286064218768,7752.123586495685,5880.704834573987,5880.707125318415,813.3584844494093,813.3584844494093,813.3584844494093,0.0,0.0,0.0,0.0,0.0,0.0,0.0,0.0,0.0,-231.15786100529544,-231.15786100529544,-231.15786100529544,1044.5163454547048,1044.5163454547048,1044.5163454547048,0.0,0.0,0.0,6694.064336875111
915,2015-12-10,5881.477194523511,5742.581868403532,7717.559572777766,5881.476163468596,5881.47848304172,853.4175340547304,853.4175340547304,853.4175340547304,0.0,0.0,0.0,0.0,0.0,0.0,0.0,0.0,0.0,-221.72558111686732,-221.72558111686732,-221.72558111686732,1075.1431151715976,1075.1431151715976,1075.1431151715976,0.0,0.0,0.0,6734.8947285782415
916,2015-12-11,5882.2485366213195,5952.178698641982,8042.694758608835,5882.247490024653,5882.249831396002,1127.5801507755502,1127.5801507755502,1127.5801507755502,0.0,0.0,0.0,0.0,0.0,0.0,0.0,0.0,0.0,27.86228844103252,27.86228844103252,27.86228844103252,1099.7178623345178,1099.7178623345178,1099.7178623345178,0.0,0.0,0.0,7009.82868739687
917,2015-12-12,5883.0198787191275,5362.978387774723,7374.779557150086,5883.018820843357,5883.021191102597,477.7577952629887,477.7577952629887,477.7577952629887,0.0,0.0,0.0,0.0,0.0,0.0,0.0,0.0,0.0,-639.8329288273087,-639.8329288273087,-639.8329288273087,1117.5907240902975,1117.5907240902975,1117.5907240902975,0.0,0.0,0.0,6360.7776739821165
918,2015-12-13,5883.791220816936,5756.591312776578,7974.166531099128,5883.790156575779,5883.792551079453,1005.7978982505098,1005.7978982505098,1005.7978982505098,0.0,0.0,0.0,0.0,0.0,0.0,0.0,0.0,0.0,-122.41741473745961,-122.41741473745961,-122.41741473745961,1128.2153129879694,1128.2153129879694,1128.2153129879694,0.0,0.0,0.0,6889.5891190674465
919,2015-12-14,5884.562562914745,7055.834556690618,9128.629460374137,5884.561487391875,5884.563904774548,2121.7368278360295,2121.7368278360295,2121.7368278360295,0.0,0.0,0.0,0.0,0.0,0.0,0.0,0.0,0.0,990.5741225746278,990.5741225746278,990.5741225746278,1131.162705261402,1131.162705261402,1131.162705261402,0.0,0.0,0.0,8006.299390750775
920,2015-12-15,5885.333905012555,6231.3582875514685,8260.239740824905,5885.332815311294,5885.3352649329245,1322.8300425638586,1322.8300425638586,1322.8300425638586,0.0,0.0,0.0,0.0,0.0,0.0,0.0,0.0,0.0,196.69737466697723,196.69737466697723,196.69737466697723,1126.1326678968812,1126.1326678968812,1126.1326678968812,0.0,0.0,0.0,7208.163947576413
921,2015-12-16,5886.105247110363,5729.509624647766,7851.20079312744,5886.104136770084,5886.106631172374,881.8039878891775,881.8039878891775,881.8039878891775,0.0,0.0,0.0,0.0,0.0,0.0,0.0,0.0,0.0,-231.15786100531326,-231.15786100531326,-231.15786100531326,1112.9618488944907,1112.9618488944907,1112.9618488944907,0.0,0.0,0.0,6767.909234999541
922,2015-12-17,5886.876589208172,5733.464451895216,7847.444216399725,5886.87545822887,5886.877992111175,869.9031544459101,869.9031544459101,869.9031544459101,0.0,0.0,0.0,0.0,0.0,0.0,0.0,0.0,0.0,-221.72558111570007,-221.72558111570007,-221.72558111570007,1091.6287355616103,1091.6287355616103,1091.6287355616103,0.0,0.0,0.0,6756.779743654082
923,2015-12-18,5887.647931305981,5883.5268383552075,7931.498175865818,5887.646780384288,5887.649352092566,1090.1175590437492,1090.1175590437492,1090.1175590437492,0.0,0.0,0.0,0.0,0.0,0.0,0.0,0.0,0.0,27.862288442518476,27.862288442518476,27.862288442518476,1062.255270601231,1062.255270601231,1062.255270601231,0.0,0.0,0.0,6977.76549034973
924,2015-12-19,5888.41927340379,5255.50667917312,7335.515508505546,5888.418106274163,5888.420711934671,385.2721740325522,385.2721740325522,385.2721740325522,0.0,0.0,0.0,0.0,0.0,0.0,0.0,0.0,0.0,-639.8329288267739,-639.8329288267739,-639.8329288267739,1025.105102859326,1025.105102859326,1025.105102859326,0.0,0.0,0.0,6273.691447436342
925,2015-12-20,5889.190615501598,5783.449560914332,7787.688110313493,5889.189442146335,5889.192062285558,858.1611217494619,858.1611217494619,858.1611217494619,0.0,0.0,0.0,0.0,0.0,0.0,0.0,0.0,0.0,-122.4174147368816,-122.4174147368816,-122.4174147368816,980.5785364863435,980.5785364863435,980.5785364863435,0.0,0.0,0.0,6747.35173725106
926,2015-12-21,5889.961957599407,6788.252626095682,8794.073154507718,5889.9607768182605,5889.963421870727,1919.778449199877,1919.778449199877,1919.778449199877,0.0,0.0,0.0,0.0,0.0,0.0,0.0,0.0,0.0,990.5741225741723,990.5741225741723,990.5741225741723,929.2043266257052,929.2043266257052,929.2043266257052,0.0,0.0,0.0,7809.740406799284
927,2015-12-22,5890.733299697215,5966.1505949765615,7958.265999624346,5890.732113624241,5890.734781455895,1068.3259239724966,1068.3259239724966,1068.3259239724966,0.0,0.0,0.0,0.0,0.0,0.0,0.0,0.0,0.0,196.69737466652174,196.69737466652174,196.69737466652174,871.6285493059751,871.6285493059751,871.6285493059751,0.0,0.0,0.0,6959.059223669712
928,2015-12-23,5891.504641795025,5458.962966312125,7475.816156618599,5891.503437508262,5891.506141041062,577.4429848862549,577.4429848862549,577.4429848862549,0.0,0.0,0.0,0.0,0.0,0.0,0.0,0.0,0.0,-231.15786100478198,-231.15786100478198,-231.15786100478198,808.6008458910369,808.6008458910369,808.6008458910369,0.0,0.0,0.0,6468.94762668128
929,2015-12-24,5892.275983892833,5375.317470226065,7409.181217102015,5892.274762929451,5892.277500626232,519.2328252485964,519.2328252485964,519.2328252485964,0.0,0.0,0.0,0.0,0.0,0.0,0.0,0.0,0.0,-221.72558111683244,-221.72558111683244,-221.72558111683244,740.9584063654288,740.9584063654288,740.9584063654288,0.0,0.0,0.0,6411.50880914143
930,2015-12-25,5893.047325990642,5564.351652223489,7662.228795757888,5893.046090225109,5893.0488605092205,697.4703976910289,697.4703976910289,697.4703976910289,0.0,0.0,0.0,0.0,0.0,0.0,0.0,0.0,0.0,27.862288441895615,27.862288441895615,27.862288441895615,669.6081092491333,669.6081092491333,669.6081092491333,0.0,0.0,0.0,6590.517723681671
931,2015-12-26,5893.818668088451,4772.870485183809,6889.536526783822,5893.817414146592,5893.8202190247775,-44.3256510561909,-44.3256510561909,-44.3256510561909,0.0,0.0,0.0,0.0,0.0,0.0,0.0,0.0,0.0,-639.8329288266359,-639.8329288266359,-639.8329288266359,595.5072777704452,595.5072777704452,595.5072777704452,0.0,0.0,0.0,5849.4930170322605
932,2015-12-27,5894.59001018626,5152.4851798237205,7378.605517010075,5894.588739167546,5894.5915756756585,397.2261263166026,397.2261263166026,397.2261263166026,0.0,0.0,0.0,0.0,0.0,0.0,0.0,0.0,0.0,-122.41741473512647,-122.41741473512647,-122.41741473512647,519.6435410517291,519.6435410517291,519.6435410517291,0.0,0.0,0.0,6291.816136502863
933,2015-12-28,5895.361352284069,6238.337776201323,8452.769590382737,5895.360068010463,5895.362937586695,1433.5884274772352,1433.5884274772352,1433.5884274772352,0.0,0.0,0.0,0.0,0.0,0.0,0.0,0.0,0.0,990.5741225754813,990.5741225754813,990.5741225754813,443.0143049017539,443.0143049017539,443.0143049017539,0.0,0.0,0.0,7328.949779761304
